country,year,sha11_hc_3_3_gghe_d_million_constant_2010_us
cri,2016,8.82136044
dom,2016,0.03543779
tza,2016,0.0
bdi,2016,0.47434451
gab,2016,4.12329895
mrt,2016,0.45545856
rus,2016,9.53354481
bih,2016,0.0
mli,2016,0.04807339
phl,2016,0.0
wsm,2016,0.00519806
uga,2016,0.0
