country,year,sha11_hc_3_3_current_ncu_per_capita
cri,2016,1223.85228031
dom,2016,0.18499491
gtm,2016,1.14578836
kna,2016,0.0
eth,2016,2.70518522
bdi,2016,100.73081846
civ,2016,0.01960059
gab,2016,1072.20528397
mrt,2016,34.16483459
rus,2016,3.19516935
bih,2016,0.0
mli,2016,1.65652698
phl,2016,0.0
wsm,2016,4.19994142
uga,2016,0.0
khm,2016,0.0
mus,2016,1.29892325
