country,year,sha11_hc_3_3_current_us_per_capita
cri,2016,2.24667493
dom,2016,0.00401482
gtm,2016,0.15076287
kna,2016,0.0
eth,2016,0.12448194
bdi,2016,0.06087828
civ,2016,3.305e-05
gab,2016,1.80807843
mrt,2016,0.09695704
rus,2016,0.04764932
bih,2016,0.0
mli,2016,0.00279343
phl,2016,0.0
wsm,2016,1.63743728
uga,2016,0.0
khm,2016,0.0
mus,2016,0.03654627
