country,year,sha11_hc_1_2_gghe_d_current_ncu_per_capita
mus,2016,276.62813398
kgz,2016,2.44974003
uga,2016,456.43102869
tun,2016,12.24552574
wsm,2016,23.23826937
phl,2016,0.0
mli,2016,0.0
hun,2016,4342.51209376
geo,2016,8.01191215
fji,2016,12.03896593
bih,2016,20.32174269
arm,2016,427.26684345
afg,2016,1.47356463
rus,2016,746.59708674
mrt,2016,88.4871143
kaz,2016,1831.65680217
gab,2016,3032.4309294
civ,2016,0.28577607
tto,2016,8.9116034
tza,2016,0.0
mda,2016,0.2113392
dom,2016,607.75865893
