country,year,sha11_hc_1_nec_current_ncu_per_capita
tgo,2016,437.4433025
nam,2016,126.17105513
khm,2016,1903.68497885
uga,2016,0.0
btn,2016,67.20415151
wsm,2016,0.0
phl,2016,411.97468755
npl,2016,232.51987051
bih,2016,0.0
arm,2016,0.0
ton,2016,1.78072422
lbr,2016,1452.39689516
dji,2016,0.0
mrt,2016,0.0
cpv,2016,16.69949529
eth,2016,5.37421191
tto,2016,23.74058765
tza,2016,11317.00992012
sur,2016,4.6564273
kna,2016,0.0
dom,2016,38.11053996
cod,2016,50.59843902
cri,2016,13700.72611098
