country,year,sha11_age_1_gghe_d_million_current_ppp
tgo,2015,44.93996661
tgo,2016,49.46515819
mli,2016,86.66818272
arm,2015,49.34240462
arm,2016,55.78029135
stp,2015,2.61385235
ner,2016,154.93151689
mrt,2015,57.74605957
gin,2015,25.86114702
gin,2016,53.47772688
gab,2015,113.33023181
gab,2016,155.78321438
bfa,2015,130.51319022
bfa,2016,227.21275549
