country,year,sha11_hc_3_1_gghe_d_million_ncu
cri,2016,25365.4703
dom,2016,131.5673859
gtm,2016,70.0
tza,2016,0.0
gab,2016,4279.5015
kaz,2016,262.932
mrt,2016,0.0
rus,2016,14319.938
bih,2016,7.49929107
fji,2016,0.84804148
hun,2016,74257.0
mli,2016,0.0
phl,2016,0.0
wsm,2016,0.02381811
uga,2016,0.0
kgz,2016,183.33
mus,2016,238.82025
