country,year,sha11_hc_3_nec_gghe_d_million_constant_2010_us
brb,2016,28.0370097
kna,2016,0.34950853
tza,2016,0.0
tto,2016,5.89699123
mrt,2016,0.0
zmb,2016,0.12619633
bih,2016,0.0
mli,2016,0.0
phl,2016,0.0
uga,2016,0.0
ind,2016,1.14116012
tjk,2016,1.32306825
