country,year,sha11_hc_1_nec_gghe_d_million_constant_2010_ppp
nam,2016,0.00412477
khm,2016,1.78803106
uga,2016,0.0
btn,2016,0.65176721
phl,2016,476.17888496
mli,2016,0.0
bih,2016,0.0
lbr,2016,6.61683015
mrt,2016,0.0
cpv,2016,0.17393678
eth,2016,2.32901019
tto,2016,8.56912824
tza,2016,292.27402122
sur,2016,0.85144798
dom,2016,14.24736334
cri,2016,153.40823561
