country,year,sha11_hc_1_nec_constant_2010_ncu_per_capita
tgo,2016,397.60139171
nam,2016,85.99006321
khm,2016,1663.44411607
uga,2016,0.0
btn,2016,44.98502146
wsm,2016,0.0
phl,2016,365.08818435
npl,2016,153.12446839
bih,2016,0.0
arm,2016,0.0
ton,2016,1.59039349
lbr,2016,1114.66883758
dji,2016,0.0
mrt,2016,0.0
cpv,2016,15.83007108
eth,2016,2.35525425
tto,2016,21.83736579
tza,2016,7120.22731216
sur,2016,2.83436855
kna,2016,0.0
dom,2016,31.23021937
cod,2016,33.39284794
cri,2016,10803.88059478
