country,year,sha11_age_1_gghe_d_current_ncu_per_capita
tgo,2015,1374.55637888
tgo,2016,1496.63015662
mli,2016,1047.92720806
arm,2015,3351.29821764
arm,2016,3750.06863413
stp,2015,153120.84311864
ner,2016,1641.05042307
mrt,2015,1357.17028472
gin,2015,6218.32016151
gin,2016,13441.17731764
gab,2015,14312.07561329
gab,2016,18505.52360836
bfa,2015,1442.5328427
bfa,2016,2559.06602217
