country,year,sha11_hc_3_1_gghe_d_current_ncu_per_capita
cri,2016,5222.16171046
dom,2016,12.35514773
gtm,2016,4.22132555
tza,2016,0.0
gab,2016,2161.5980212
kaz,2016,14.61729258
mrt,2016,0.0
rus,2016,99.46852666
bih,2016,2.13240928
fji,2016,0.94356834
hun,2016,7553.74734817
mli,2016,0.0
phl,2016,0.0
wsm,2016,0.12206591
uga,2016,0.0
kgz,2016,30.78210007
mus,2016,189.21970919
