country,year,sha11_hc_1_2_gghe_d_million_constant_2010_ppp
mus,2016,18.91213139
kgz,2016,0.62494117
uga,2016,15.31135068
tun,2016,183.24297435
wsm,2016,2.47381561
phl,2016,0.0
mli,2016,0.0
hun,2016,292.06018621
geo,2016,31.34208573
fji,2016,8.22543936
bih,2016,91.3892352
arm,2016,5.77716218
afg,2016,2.34886003
rus,2016,4277.4951878
mrt,2016,3.39649328
kaz,2016,295.57088576
gab,2016,23.48005578
civ,2016,0.02497145
tto,2016,3.2217994
tza,2016,0.0
mda,2016,0.09588449
dom,2016,288.62670175
