country,year,sha11_hc_3_nec_million_ncu
khm,2016,3184.6284
tjk,2016,8.5212
ind,2016,225.93921361
uga,2016,0.0
wsm,2016,0.62626347
phl,2016,0.0
fji,2016,0.0
bih,2016,0.0
zmb,2016,36.2045735
mrt,2016,0.0
eth,2016,60.70493837
tto,2016,44.47
kna,2016,1.01
cri,2016,3.84949708
brb,2016,59.179
