country,year,sha11_hc_1_nec_constant_2010_ppp_per_capita
tgo,2016,1.94778232
nam,2016,18.75446996
khm,2016,1.25054112
uga,2016,0.0
btn,2016,2.83989895
wsm,2016,0.0
phl,2016,20.84096262
npl,2016,6.75028149
bih,2016,0.0
arm,2016,0.0
ton,2016,1.1348084
lbr,2016,32.8326609
dji,2016,0.0
mrt,2016,0.0
cpv,2016,0.32773014
eth,2016,0.56319796
tto,2016,6.28801471
tza,2016,14.8936653
sur,2016,1.73131251
kna,2016,0.0
dom,2016,1.69961341
cod,2016,0.0691937
cri,2016,31.91685312
