country,year,sha11_hc_3_4_million_current_us
nam,2016,3.09597818
mus,2016,1.57432279
khm,2016,0.0
uga,2016,0.0
wsm,2016,0.31373423
phl,2016,0.0
hun,2016,3.26809856
fji,2016,0.46720724
bih,2016,11.25844959
lbr,2016,0.432675
mrt,2016,0.0
eth,2016,0.27807864
tza,2016,1.75062468
kna,2016,0.0
cri,2016,2.82137073
