country,year,sha11_hc_3_4_gghe_d_percentage_of_gdp
uga,2016,0.0
wsm,2016,0.008384
phl,2016,0.0
mli,2016,0.0
hun,2016,0.00254374
fji,2016,0.01000154
bih,2016,0.06657468
mrt,2016,0.0
tza,2016,7.7e-07
