country,year,sha11_hc_3_nec_gghe_d_percentage_of_gdp
brb,2016,0.60013644
kna,2016,0.0415809
tza,2016,0.0
tto,2016,0.02747857
mrt,2016,0.0
zmb,2016,0.00046691
bih,2016,0.0
mli,2016,0.0
phl,2016,0.0
uga,2016,0.0
ind,2016,4.503e-05
tjk,2016,0.01564135
