country,year,sha11_hc_3_nec_gghe_d_constant_2010_ncu_per_capita
brb,2016,196.7537067
kna,2016,17.21371435
tza,2016,0.0
tto,2016,27.54385595
mrt,2016,0.0
zmb,2016,0.03648766
bih,2016,0.0
mli,2016,0.0
phl,2016,0.0
uga,2016,0.0
ind,2016,0.03940613
tjk,2016,0.66327972
