country,year,sha11_hc_1_4_gghe_d_percentage_of_gge
dom,2016,0.02116727
mda,2016,0.01781818
tza,2016,0.0
tto,2016,0.15265843
mrt,2016,0.0
rus,2016,0.04818985
arm,2016,0.38998989
bih,2016,0.11506857
hun,2016,0.03339348
mli,2016,0.0
phl,2016,0.0
uga,2016,0.0
kgz,2016,0.0683368
mus,2016,0.00454171
