country,year,sha11_hc_3_1_current_ppp_per_capita
cri,2016,13.60838469
dom,2016,0.74042296
gtm,2016,1.06416938
kna,2016,0.0
eth,2016,0.0009295
civ,2016,1e-08
gab,2016,10.40915088
kaz,2016,0.3475153
mrt,2016,0.0
rus,2016,6.65628197
bih,2016,3.05320665
fji,2016,0.78411168
hun,2016,71.61221402
phl,2016,0.0
wsm,2016,0.67627411
uga,2016,0.0
khm,2016,0.04843591
kgz,2016,1.45130546
mus,2016,11.80871453
