country,year,sha11_hc_3_3_gghe_d_constant_2010_ncu_per_capita
cri,2016,954.9654619
dom,2016,0.12415144
tza,2016,0.0
bdi,2016,55.47246572
gab,2016,1031.51311343
mrt,2016,29.21595785
rus,2016,2.01100764
bih,2016,0.0
mli,2016,1.32313749
phl,2016,0.0
wsm,2016,0.06619041
uga,2016,0.0
