country,year,sha11_hc_3_3_millon_constant_2010_ncu
cri,2016,4687.67825204
dom,2016,1.61432147
gtm,2016,15.06049386
kna,2016,0.0
eth,2016,121.40414825
bdi,2016,583.79872993
civ,2016,0.39254282
gab,2016,2392.48654674
mrt,2016,133.78954612
rus,2016,289.51373549
bih,2016,0.0
mli,2016,23.80964351
phl,2016,0.0
wsm,2016,0.7406371
uga,2016,0.0
khm,2016,0.0
mus,2016,1.40055041
