country,year,sha11_hc_1_nec_gghe_d_current_ncu_per_capita
nam,2016,0.01119061
khm,2016,172.68342261
uga,2016,0.0
btn,2016,19.33351175
phl,2016,91.10402431
mli,2016,0.0
bih,2016,0.0
lbr,2016,63.44074693
mrt,2016,0.0
cpv,2016,16.42625762
eth,2016,0.21702591
tto,2016,23.70249135
tza,2016,3996.34270379
sur,2016,4.10123789
dom,2016,30.00054529
cri,2016,13557.49932987
