country,year,sha11_hc_3_1_gghe_d_constant_2010_us_per_capita
cri,2016,7.83144329
dom,2016,0.27138913
gtm,2016,0.41525947
tza,2016,0.0
gab,2016,4.91903675
kaz,2016,0.06040768
mrt,2016,0.0
rus,2016,2.06153524
bih,2016,1.35089455
fji,2016,0.36365454
hun,2016,31.38826025
mli,2016,0.0
phl,2016,0.0
wsm,2016,0.04439942
uga,2016,0.0
kgz,2016,0.42445132
mus,2016,5.25104999
