country,year,sha11_hc_3_1_gghe_d_current_ppp_per_capita
cri,2016,13.46593419
dom,2016,0.6064931
gtm,2016,1.06416938
tza,2016,0.0
gab,2016,9.1912794
kaz,2016,0.14002264
mrt,2016,0.0
rus,2016,4.203151
bih,2016,3.05300122
fji,2016,0.78411168
hun,2016,55.88311486
mli,2016,0.0
phl,2016,0.0
wsm,2016,0.07391527
uga,2016,0.0
kgz,2016,1.45130546
mus,2016,11.6155193
