country,year,sha11_hc_3_1_million_ncu
mus,2016,242.79243
kgz,2016,183.33
khm,2016,1053.0
uga,2016,0.0
wsm,2016,0.2179194
phl,2016,0.0
hun,2016,95157.691
fji,2016,0.84804148
bih,2016,7.49979567
rus,2016,22677.64
mrt,2016,0.0
kaz,2016,652.558
gab,2016,4846.54800003
civ,2016,3.2e-05
eth,2016,0.81887993
kna,2016,0.0
gtm,2016,70.0
dom,2016,160.62097362
cri,2016,25633.80104
