country,year,sha11_age_1_gghe_d_millon_constant_2010_ncu
tgo,2015,9429.03598104
tgo,2016,10347.09154936
mli,2016,15062.09892185
arm,2015,8313.16307019
arm,2016,9285.07040484
stp,2015,19262.61859501
ner,2016,30412.39116251
mrt,2015,5422.6786375
gin,2015,56178.26123117
gin,2016,114706.83799899
gab,2015,29808.6559507
gab,2016,41292.66749142
bfa,2015,24540.36998676
bfa,2016,43639.4528938
