country,year,sha11_age_1_ext_current_ncu_per_capita
bfa,2015,2224.10091826
bfa,2016,2303.93910158
gab,2015,406.79222132
gab,2016,495.31708284
gin,2015,27627.26095194
gin,2016,26534.94709229
mrt,2015,1040.84482082
ner,2016,1102.2422945
stp,2015,267272.63117288
arm,2015,394.15777624
arm,2016,568.51766754
mli,2016,2120.27439801
tgo,2015,1075.23659045
tgo,2016,1176.32326356
