country,year,sha11_age_1_gghe_d_million_constant_2010_us
tgo,2015,19.03790317
tgo,2016,20.89152353
mli,2016,30.41146321
arm,2015,22.24790437
arm,2016,24.84894819
stp,2015,1.04130135
ner,2016,61.40480951
mrt,2015,19.65492313
gin,2015,9.81096131
gin,2016,20.03238129
gab,2015,60.1858246
gab,2016,83.37287153
bfa,2015,49.54877557
bfa,2016,88.11120039
