country,year,sha11_hc_3_1_gghe_d_current_us_per_capita
cri,2016,9.58653261
dom,2016,0.26813562
gtm,2016,0.55544217
tza,2016,0.0
gab,2016,3.64514037
kaz,2016,0.04272064
mrt,2016,0.0
rus,2016,1.48336652
bih,2016,1.20601901
fji,2016,0.45045877
hun,2016,26.83169195
mli,2016,0.0
phl,2016,0.0
wsm,2016,0.04759001
uga,2016,0.0
kgz,2016,0.44028458
mus,2016,5.32385151
