country,year,sha11_hc_3_1_gghe_d_percentage_of_gge
cri,2016,0.42109095
dom,2016,0.02265306
gtm,2016,0.1109702
tza,2016,0.0
gab,2016,0.23569664
kaz,2016,0.00260693
mrt,2016,0.0
rus,2016,0.04571599
bih,2016,0.05927356
fji,2016,0.03001917
hun,2016,0.45052684
mli,2016,0.0
phl,2016,0.0
wsm,2016,0.00342214
uga,2016,0.0
kgz,2016,0.10197123
mus,2016,0.21736621
