country,year,sha11_hc_3_nec_million_constant_2010_ppp
brb,2016,29.31842709
cri,2016,0.00896769
kna,2016,0.53504269
tto,2016,11.77847905
eth,2016,6.36165782
mrt,2016,0.0
zmb,2016,9.94323238
bih,2016,0.0
fji,2016,0.0
phl,2016,0.0
wsm,2016,0.34167068
uga,2016,0.0
ind,2016,12.0807075
tjk,2016,3.69858456
khm,2016,2.09199989
