country,year,sha11_hc_3_nec_gghe_d_millon_constant_2010_ncu
brb,2016,56.07401939
kna,2016,0.94367303
tza,2016,0.0
tto,2016,37.59631671
mrt,2016,0.0
zmb,2016,0.60538106
bih,2016,0.0
mli,2016,0.0
phl,2016,0.0
uga,2016,0.0
ind,2016,52.18047345
tjk,2016,5.79371585
