country,year,sha11_hc_3_2_gghe_d_current_ppp_per_capita
uga,2016,0.0
phl,2016,0.0
mli,2016,0.0
hun,2016,2715.0
bih,2016,0.07564967
mrt,2016,179.46585441
gab,2016,156.12582
tza,2016,0.0
dom,2016,82.35448762
