country,year,sha11_hc_1_nec_gghe_d_million_constant_2010_us
nam,2016,0.00258321
khm,2016,0.56832725
uga,2016,0.0
btn,2016,0.22578554
phl,2016,184.918577
mli,2016,0.0
bih,2016,0.0
lbr,2016,3.14609099
mrt,2016,0.0
cpv,2016,0.1008844
eth,2016,0.67592187
tto,2016,4.66776007
tza,2016,100.11836781
sur,2016,0.50772753
dom,2016,7.01736326
cri,2016,98.75604426
