country,year,sha11_hc_1_nec_gghe_d_current_ppp_per_capita
nam,2016,0.00183094
khm,2016,0.125202
uga,2016,0.0
btn,2016,0.92334417
phl,2016,5.07293542
mli,2016,0.0
bih,2016,0.0
lbr,2016,1.30949926
mrt,2016,0.0
cpv,2016,0.36010462
eth,2016,0.02522635
tto,2016,7.28492651
tza,2016,5.79026926
sur,2016,1.67844146
dom,2016,1.47267554
cri,2016,34.95954431
