country,year,sha11_hc_1_4_constant_2010_ncu_per_capita
dom,2016,11.5254381
mda,2016,1.83603343
kna,2016,0.0
tza,2016,173.28656099
tto,2016,54.6793353
eth,2016,0.11654209
bdi,2016,0.73218745
civ,2016,81.35319608
mrt,2016,0.0
rus,2016,65.99225766
arm,2016,1780.33317399
bih,2016,3.88188465
hun,2016,526.32178248
phl,2016,0.0
wsm,2016,0.0
uga,2016,1445.5655673
khm,2016,145.64160644
kgz,2016,13.8886104
mus,2016,3.37756977
nam,2016,0.07301324
