country,year,sha11_hc_3_4_gghe_d_current_us_per_capita
uga,2016,0.0
wsm,2016,0.34424833
phl,2016,0.0
mli,2016,0.0
hun,2016,0.32556331
fji,2016,0.51983538
bih,2016,3.20110353
mrt,2016,0.0
tza,2016,6.61e-06
