country,year,sha11_age_1_ext_millon_constant_2010_ncu
bfa,2015,37836.40677447
bfa,2016,39288.80342384
gab,2015,847.25162837
gab,2016,1105.23560627
gin,2015,249593.36967979
gin,2016,226448.90440005
mrt,2015,4158.77582817
ner,2016,20427.0529076
stp,2015,33622.92585588
arm,2015,977.7398657
arm,2016,1407.6346554
mli,2016,30475.19186327
tgo,2015,7375.79385994
tgo,2016,8132.62010377
