country,year,sha11_hc_3_nec_current_ncu_per_capita
brb,2016,207.6485284
cri,2016,0.79252212
kna,2016,18.4235968
tto,2016,32.57966156
eth,2016,0.59280316
mrt,2016,0.0
zmb,2016,2.18213022
bih,2016,0.0
fji,2016,0.0
phl,2016,0.0
wsm,2016,3.20955013
uga,2016,0.0
ind,2016,0.17062687
tjk,2016,0.97552923
khm,2016,202.03994704
