country,year,sha11_hc_1_nec_million_constant_2010_us
tgo,2016,6.10628952
nam,2016,29.12501202
khm,2016,6.26531511
uga,2016,0.0
btn,2016,0.78484064
wsm,2016,0.0
phl,2016,836.20645249
npl,2016,60.57641961
bih,2016,0.0
arm,2016,0.0
ton,2016,0.08938469
lbr,2016,72.02583521
dji,2016,0.0
mrt,2016,0.0
cpv,2016,0.10256253
eth,2016,16.73785067
tto,2016,4.67526242
tza,2016,283.51936901
sur,2016,0.5764592
kna,2016,0.0
dom,2016,8.91435473
cod,2016,2.9022909
cri,2016,99.79934214
