country,year,sha11_hc_3_2_millon_constant_2010_ncu
mus,2016,7.42287617
khm,2016,0.0
uga,2016,0.0
wsm,2016,0.55489426
phl,2016,0.0
hun,2016,2843.45973284
bih,2016,0.07553386
mrt,2016,173.9739483
gab,2016,176.0978421
eth,2016,62.30177667
kna,2016,0.0
dom,2016,82.38978124
