country,year,sha11_hc_1_4_current_ppp_per_capita
dom,2016,0.6904074
mda,2016,0.38450838
kna,2016,0.0
tza,2016,0.39906051
tto,2016,18.27029756
eth,2016,0.03091026
bdi,2016,0.00218728
civ,2016,0.39070758
mrt,2016,0.0
rus,2016,4.4305991
arm,2016,10.69539582
bih,2016,5.94079059
hun,2016,4.50627781
phl,2016,0.0
wsm,2016,0.0
uga,2016,2.00204091
khm,2016,0.12084618
kgz,2016,1.03316356
mus,2016,0.24269795
nam,2016,0.01752803
