country,year,sha11_hc_3_3_gghe_d_current_us_per_capita
cri,2016,2.22311901
dom,2016,0.00328797
tza,2016,0.0
bdi,2016,0.06087827
gab,2016,1.54333699
mrt,2016,0.09106439
rus,2016,0.04764932
bih,2016,0.0
mli,2016,0.00279343
phl,2016,0.0
wsm,2016,0.02855402
uga,2016,0.0
