country,year,sha11_hc_3_4_million_constant_2010_ppp
nam,2016,6.76891731
mus,2016,3.0309137
khm,2016,0.0
uga,2016,0.0
wsm,2016,0.43902686
phl,2016,0.0
hun,2016,6.29456783
fji,2016,0.74396768
bih,2016,25.45537177
lbr,2016,0.92359142
mrt,2016,0.0
eth,2016,0.63329281
tza,2016,5.01578042
kna,2016,0.0
cri,2016,3.58034931
