country,year,sha11_hc_3_nec_percentage_of_gdp
brb,2016,0.62110621
cri,2016,1.237e-05
kna,2016,0.0415809
tto,2016,0.0298968
eth,2016,0.00393861
mrt,2016,0.0
zmb,2016,0.01675378
bih,2016,0.0
fji,2016,0.0
phl,2016,0.0
wsm,2016,0.03047511
uga,2016,0.0
ind,2016,0.00014812
tjk,2016,0.01564355
khm,2016,0.00389781
