country,year,sha11_hc_3_nec_percentage_of_gge
brb,2016,1.80478805
cri,2016,6.391e-05
kna,2016,0.13835616
tto,2016,0.08402298
eth,2016,0.02161141
mrt,2016,0.0
zmb,2016,0.0696979
bih,2016,0.0
fji,2016,0.0
phl,2016,0.0
wsm,2016,0.08998038
uga,2016,0.0
ind,2016,0.00050068
tjk,2016,0.03942445
khm,2016,0.01810088
