country,year,sha11_hc_3_4_gghe_d_million_constant_2010_ppp
uga,2016,0.0
wsm,2016,0.09399699
phl,2016,0.0
mli,2016,0.0
hun,2016,6.16426311
fji,2016,0.74396768
bih,2016,25.45365909
mrt,2016,0.0
tza,2016,0.00105283
