country,year,sha11_hc_1_nec_gghe_d_million_current_us
nam,2016,0.0018866
khm,2016,0.67063435
uga,2016,0.0
btn,2016,0.22953385
phl,2016,198.19750866
mli,2016,0.0
bih,2016,0.0
lbr,2016,3.09978737
mrt,2016,0.0
cpv,2016,0.0889068
eth,2016,1.02266751
tto,2016,4.85127631
tza,2016,102.01046937
sur,2016,0.36765708
dom,2016,6.93323664
cri,2016,120.88806677
