country,year,sha11_hc_3_4_million_current_ppp
nam,2016,7.45065113
mus,2016,3.43483975
khm,2016,0.0
uga,2016,0.0
wsm,2016,0.48728187
phl,2016,0.0
hun,2016,6.80656023
fji,2016,0.81326568
bih,2016,28.50042988
lbr,2016,0.84332716
mrt,2016,0.0
eth,2016,0.70242696
tza,2016,5.52210498
kna,2016,0.0
cri,2016,3.96310054
