country,year,sha11_hc_1_nec_current_ppp_per_capita
tgo,2016,1.90076754
nam,2016,20.64333281
khm,2016,1.38024345
uga,2016,0.0
btn,2016,3.20958563
wsm,2016,0.0
phl,2016,22.93994147
npl,2016,7.43017135
bih,2016,0.0
arm,2016,0.0
ton,2016,1.23206572
lbr,2016,29.97935477
dji,2016,0.0
mrt,2016,0.0
cpv,2016,0.36609467
eth,2016,0.62468011
tto,2016,7.29663535
tza,2016,16.39712596
sur,2016,1.90565405
kna,2016,0.0
dom,2016,1.87078133
cod,2016,0.08418434
cri,2016,35.32887075
