country,year,sha11_hc_3_4_million_constant_2010_us
nam,2016,4.23915317
mus,2016,1.55279456
khm,2016,0.0
uga,2016,0.0
wsm,2016,0.29270046
phl,2016,0.0
hun,2016,3.82308832
fji,2016,0.37717556
bih,2016,12.61089416
lbr,2016,0.43913816
mrt,2016,0.0
eth,2016,0.1837933
tza,2016,1.7181539
kna,2016,0.0
cri,2016,2.30483802
