country,year,sha11_hc_3_2_current_us_per_capita
mus,2016,0.19369416
khm,2016,0.0
uga,2016,0.0
wsm,2016,1.2267878
phl,2016,0.0
hun,2016,1.18906668
bih,2016,0.01298437
mrt,2016,0.12607861
gab,2016,0.13308276
eth,2016,0.06388123
kna,2016,0.0
dom,2016,0.20490365
