country,year,sha11_hc_3_2_current_ncu_per_capita
mus,2016,6.88425521
khm,2016,0.0
uga,2016,0.0
wsm,2016,3.14664687
phl,2016,0.0
hun,2016,334.75001488
bih,2016,0.02295817
mrt,2016,44.42642448
gab,2016,78.91916343
eth,2016,1.38823795
kna,2016,0.0
dom,2016,9.441546
