country,year,sha11_age_1_gghe_d_million_constant_2010_ppp
tgo,2015,46.19126071
tgo,2016,50.68866046
mli,2016,78.74151334
arm,2015,45.39789141
arm,2016,50.70544321
stp,2015,2.38544733
ner,2016,140.66019293
mrt,2015,53.15226028
gin,2015,23.82262114
gin,2016,48.64190318
gab,2015,103.43774402
gab,2016,143.28792204
bfa,2015,120.08062318
bfa,2016,213.53601031
