country,year,sha11_hc_1_nec_percentage_of_gge
tgo,2016,0.40380305
nam,2016,0.47502848
khm,2016,0.17055229
uga,2016,0.0
btn,2016,0.12295741
wsm,2016,0.0
phl,2016,1.50882625
npl,2016,1.36266986
bih,2016,0.0
arm,2016,0.0
ton,2016,0.04829234
lbr,2016,6.101958
dji,2016,0.0
mrt,2016,0.0
cpv,2016,0.01833651
eth,2016,0.19592388
tto,2016,0.061227
tza,2016,3.4320249
sur,2016,0.05018336
kna,2016,0.0
dom,2016,0.06987536
cod,2016,0.07422682
cri,2016,1.10476314
