country,year,sha11_hc_1_nec_constant_2010_us_per_capita
tgo,2016,0.80278586
nam,2016,11.7453157
khm,2016,0.3974856
uga,2016,0.0
btn,2016,0.98379929
wsm,2016,0.0
phl,2016,8.09334742
npl,2016,2.09008378
bih,2016,0.0
arm,2016,0.0
ton,2016,0.83441953
lbr,2016,15.61087957
dji,2016,0.0
mrt,2016,0.0
cpv,2016,0.1900855
eth,2016,0.16345047
tto,2016,3.42519603
tza,2016,5.10182005
sur,2016,1.03240014
kna,2016,0.0
dom,2016,0.83712364
cod,2016,0.03686097
cri,2016,20.54636863
