country,year,sha11_hc_3_1_million_current_us
cri,2016,47.05700117
dom,2016,3.48585105
gtm,2016,9.21060257
kna,2016,0.0
eth,2016,0.03768162
civ,2016,5e-08
gab,2016,8.17281825
kaz,2016,1.90717208
mrt,2016,0.0
rus,2016,338.18990914
bih,2016,4.24163235
fji,2016,0.40485432
hun,2016,338.00996168
phl,2016,0.0
wsm,2016,0.08496055
uga,2016,0.0
khm,2016,0.25944303
kgz,2016,2.62221784
mus,2016,6.83116389
