country,year,sha11_hc_3_1_gghe_d_constant_2010_ncu_per_capita
cri,2016,4118.00156498
dom,2016,10.12460002
gtm,2016,3.34606566
tza,2016,0.0
gab,2016,2436.28587057
kaz,2016,8.90137429
mrt,2016,0.0
rus,2016,62.604496
bih,2016,1.99491943
fji,2016,0.69760153
hun,2016,6527.00563141
mli,2016,0.0
phl,2016,0.0
wsm,2016,0.11031732
uga,2016,0.0
kgz,2016,19.50960804
mus,2016,161.65042341
