country,year,sha11_hc_3_4_constant_2010_ppp_per_capita
nam,2016,2.72971804
mus,2016,2.4014237
khm,2016,0.0
uga,2016,0.0
wsm,2016,2.24997751
phl,2016,0.0
hun,2016,0.64031102
fji,2016,0.82777124
bih,2016,7.23818698
lbr,2016,0.2001792
mrt,2016,0.0
eth,2016,0.00618431
tza,2016,0.090257
kna,2016,0.0
cri,2016,0.73711084
