country,year,sha11_age_1_ext_current_us_per_capita
bfa,2015,3.76042399
bfa,2016,3.88517261
gab,2015,0.68778859
gab,2016,0.83526182
gin,2015,3.69076203
gin,2016,2.96158346
mrt,2015,3.20583817
ner,2016,1.85873037
stp,2015,12.09890596
arm,2015,0.82473882
arm,2016,1.18320839
mli,2016,3.57545562
tgo,2015,1.81796853
tgo,2016,1.9836544
