country,year,sha11_age_1_ext_million_ncu
bfa,2015,40279.85546875
bfa,2016,42960.24609375
gab,2015,785.18017578
gab,2016,980.62182617
gin,2015,334055.9375
gin,2016,328925.1875
mrt,2015,4353.16796875
ner,2016,22786.640625
stp,2015,52265.96484375
arm,2015,1149.73852539
arm,2016,1662.80957031
mli,2016,38153.9921875
tgo,2015,7974.81689453
tgo,2016,8947.5546875
