country,year,sha11_hc_1_4_gghe_d_constant_2010_ppp_per_capita
dom,2016,0.51486217
mda,2016,0.31233161
tza,2016,0.0
tto,2016,15.67802613
mrt,2016,0.0
rus,2016,4.17273624
arm,2016,8.44850384
bih,2016,5.29359499
hun,2016,3.83053872
mli,2016,0.0
phl,2016,0.0
uga,2016,0.0
kgz,2016,0.88360683
mus,2016,0.21415746
