country,year,sha11_hc_3_3_percentage_of_gdp
cri,2016,0.01909792
dom,2016,5.972e-05
gtm,2016,0.00363571
kna,2016,0.0
eth,2016,0.01797338
bdi,2016,0.02041675
civ,2016,2.15e-06
gab,2016,0.02554241
mrt,2016,0.00879162
rus,2016,0.00053538
bih,2016,0.0
mli,2016,0.00035821
phl,2016,0.0
wsm,2016,0.03987901
uga,2016,0.0
khm,2016,0.0
mus,2016,0.00037965
