country,year,sha11_hc_3_nec_current_us_per_capita
brb,2016,103.8242642
cri,2016,0.00145486
kna,2016,6.82355437
tto,2016,4.88526382
eth,2016,0.02727846
mrt,2016,0.0
zmb,2016,0.21158916
bih,2016,0.0
fji,2016,0.0
phl,2016,0.0
wsm,2016,1.25131198
uga,2016,0.0
ind,2016,0.00253927
tjk,2016,0.12449803
khm,2016,0.04977954
